id,user_id,title,uri
289d0c33-3a26-459a-ab28-7edca2145fdd,bdde212c-dd2d-45cb-89f7-e590e0318a08,Eire,https://cargocollective.com/vestibulum/rutrum/rutrum.json
2956356d-63b2-4411-b350-5c864229cf34,bc512717-a404-4235-a776-bc7bcef82b27,Topicshots,https://google.it/mauris.jsp
6c77b7b0-eefb-47be-90aa-bb293eaa4884,7c256180-d03e-4145-a8f9-30f89191e769,Flipstorm,https://upenn.edu/tortor/risus/dapibus/augue.png
bdbf30ee-e33f-4e45-8fd9-129a3a99cc52,a1e0635e-de57-415c-be68-e5a5a65af305,Tagtune,http://upenn.edu/amet/eleifend/pede.aspx
3ad11048-d2c3-41f5-93d3-0afac9348bfc,29951df7-289a-4d53-bedb-04deb4f365bf,Blogtags,http://ehow.com/accumsan/felis/ut/at.aspx
78cfcf64-76c9-42d1-930b-602ec9405f63,8210fe77-b621-41f3-8111-663d9ee6e9c8,Rhybox,http://bigcartel.com/praesent/blandit/lacinia/erat/vestibulum/sed.xml
406c71f8-f313-4360-a69d-ea93bcf77fdf,29951df7-289a-4d53-bedb-04deb4f365bf,Photobug,https://microsoft.com/dapibus/augue.js
45031d4c-84db-45a1-8f23-5e7a3ad45cbf,d72b2df5-d945-4e42-84ad-4d0ff94829b6,Devcast,http://quantcast.com/donec/diam/neque.json
c22c38df-3292-48bd-89ea-3f85dd83802f,bc512717-a404-4235-a776-bc7bcef82b27,Twitterlist,https://altervista.org/sed/interdum/venenatis/turpis/enim.html
110ec08f-b851-47d8-9c8f-2f3d28835b9f,8733dd93-b936-4c77-aa0f-caa14068872d,Zoombeat,https://joomla.org/nisi/vulputate/nonummy/maecenas/tincidunt/lacus.aspx
ee3cf852-1b46-4b91-b05e-f77fc64130f1,bc512717-a404-4235-a776-bc7bcef82b27,Cogidoo,http://posterous.com/nunc/vestibulum/ante.html
6028bfcd-32b8-42ca-8f5f-8bf9d7b89b99,4b3a510b-63aa-4507-84b5-13e7edcd680d,Yozio,http://weibo.com/diam/cras/pellentesque/volutpat/dui/maecenas/tristique.xml
4bc4021a-91bf-4e79-b40c-bd4378b2ab1b,30d28819-99da-448e-9ea4-ec8db080decd,Quimba,https://berkeley.edu/a/suscipit/nulla/elit/ac/nulla/sed.aspx
8ab9b62d-ef34-4370-a07b-bd07d9b1b236,9411910e-37ea-40e4-a1b8-a68f62cc85c4,Kwilith,https://wired.com/vel.jpg
38b8efec-ac7e-4423-8cdd-b9d54dcd2e1e,8733dd93-b936-4c77-aa0f-caa14068872d,Gabspot,https://ebay.com/at/ipsum/ac/tellus/semper/interdum.jpg
00093e29-0a54-43d3-b7d2-2798e342d474,eebb3585-e89a-49e7-9b71-fa33d1e74282,Quimba,https://behance.net/donec/ut/mauris.html
ef912692-3a40-463f-a5aa-45dbdb8c1495,0308ad1c-2f20-4857-aa81-d8cc7dcb59bf,Mydo,https://storify.com/justo/nec/condimentum/neque/sapien/placerat/ante.html
a56c9a6b-039c-44fc-9983-d5e096e55252,a1e0635e-de57-415c-be68-e5a5a65af305,Kimia,https://yale.edu/ultrices/posuere.html
6ffa5fe9-db00-4ff9-afae-c02cf9688092,0308ad1c-2f20-4857-aa81-d8cc7dcb59bf,Browsezoom,http://blogger.com/sapien/placerat.html
d5bbcb97-03fe-49a6-b4a9-a099cf4684ff,8abe93b7-b7a1-41bc-8425-6f84ddb47ace,Browseblab,http://arstechnica.com/diam/in/magna/bibendum.xml
99e0227c-9b87-4210-acd8-f59db4499492,3c29bc66-5210-495b-b7c6-c351be23f962,Geba,http://wp.com/amet/erat/nulla/tempus/vivamus/in/felis.xml
d0d90b34-e891-4481-8d84-37ad70140bb1,198c22d9-eff1-438d-82bb-402d3f562733,Gigashots,https://sitemeter.com/semper/sapien/a/libero/nam.jpg
2a2891d7-e4fd-4159-b791-ad88e434643d,d72b2df5-d945-4e42-84ad-4d0ff94829b6,Divanoodle,http://dion.ne.jp/et/tempus/semper/est.js
dcb586b7-02c4-40f0-9921-646f272e5317,9aad5ea1-bcb1-4fc0-b994-9b1fe2e396cc,Ntags,https://google.com/cras/pellentesque.aspx
2ec7ed57-4eae-4648-858f-b4af0239ad43,0a0bb296-538e-4a9e-8e8d-2d40e63d9c99,Devify,http://seattletimes.com/interdum/mauris/ullamcorper.html
