id,username,given_name,family_name,email
8abe93b7-b7a1-41bc-8425-6f84ddb47ace,lhalversen0,Lonny,Halversen,lhalversen0@github.com
9aad5ea1-bcb1-4fc0-b994-9b1fe2e396cc,kmccarver1,Keefer,McCarver,kmccarver1@seesaa.net
7c256180-d03e-4145-a8f9-30f89191e769,aomeara2,Austine,O' Meara,aomeara2@list-manage.com
4b3a510b-63aa-4507-84b5-13e7edcd680d,nbernardo3,Nichole,Bernardo,nbernardo3@washingtonpost.com
72b1be90-c6c2-48c3-b8d0-be66eb43c6fb,emccloch4,Ethel,McCloch,emccloch4@cdc.gov
29951df7-289a-4d53-bedb-04deb4f365bf,tacton5,Toby,Acton,tacton5@ucsd.edu
0308ad1c-2f20-4857-aa81-d8cc7dcb59bf,rwreath6,Remy,Wreath,rwreath6@foxnews.com
05c008d5-e614-442d-9d41-b187257032f7,vhorrell7,Valentine,Horrell,vhorrell7@deliciousdays.com
5aae028c-446b-482e-b37a-0d23952a31ea,phebblewhite8,Porty,Hebblewhite,phebblewhite8@forbes.com
30fa07ec-146e-4038-9560-7176b39dac27,nchesterman9,Nollie,Chesterman,nchesterman9@squarespace.com
3c29bc66-5210-495b-b7c6-c351be23f962,dmcartea,Dyan,McArte,dmcartea@miibeian.gov.cn
8210fe77-b621-41f3-8111-663d9ee6e9c8,czuponeb,Cecil,Zupone,czuponeb@wiley.com
198c22d9-eff1-438d-82bb-402d3f562733,fhardimanc,Filmore,Hardiman,fhardimanc@diigo.com
9411910e-37ea-40e4-a1b8-a68f62cc85c4,nfenwickd,Noah,Fenwick,nfenwickd@senate.gov
a1e0635e-de57-415c-be68-e5a5a65af305,gdowsone,Grenville,Dowson,gdowsone@istockphoto.com
83f6d61d-3c8f-4168-93ee-a1e34493081e,lgwatkinf,Lonnie,Gwatkin,lgwatkinf@plala.or.jp
eebb3585-e89a-49e7-9b71-fa33d1e74282,cjeannotg,Cordelie,Jeannot,cjeannotg@unblog.fr
bdde212c-dd2d-45cb-89f7-e590e0318a08,sgrigolashvillh,Selie,Grigolashvill,sgrigolashvillh@cnet.com
30d28819-99da-448e-9ea4-ec8db080decd,mbryetti,Maisey,Bryett,mbryetti@slate.com
0a0bb296-538e-4a9e-8e8d-2d40e63d9c99,pdablej,Pamelina,Dable,pdablej@sphinn.com
fc2bf693-27a5-4f9c-a5f9-417c5a125aa0,bgallenk,Bell,Gallen,bgallenk@home.pl
8733dd93-b936-4c77-aa0f-caa14068872d,cespinosl,Carlyle,Espinos,cespinosl@tumblr.com
bc512717-a404-4235-a776-bc7bcef82b27,cbaggsm,Charlotta,Baggs,cbaggsm@hibu.com
d72b2df5-d945-4e42-84ad-4d0ff94829b6,gpendern,Grange,Pender,gpendern@google.fr
c0274735-599a-4e1d-86ff-24ffe17d293e,solecho,Shaine,Olech,solecho@dell.com
